account_id,product_id,serial_number,province,region,district,status,install_date,warranty_days,warranty_expiry,has_rm_handpiece,cartridges_installed
e6e3bf0b-5fe2-4103-a86c-211d61122315,ddfb3971-6b07-4439-88e8-c34f3f84c519,,ภูเก็ต,ใต้,เมือง,ACTIVE,2024-08-01,,,true,-
c92d1b52-ba63-49cc-aa93-e5083372d9a4,ddfb3971-6b07-4439-88e8-c34f3f84c519,HNT01240036,กรุงเทพ,กลาง,พญาไท,ACTIVE,,,,true,"FL-A2.0:FLA224210074 , A3.0:FLA324410345 , A4.5:FLA424410601 , A6.0:FLA623710076 SD-L1.5:SDL124210242 , L3.0:SDL324510254"
0439671c-615e-4b23-b4d2-0960c3caff17,ddfb3971-6b07-4439-88e8-c34f3f84c519,HNT01240067,กรุงเทพ,กลาง,ราชเทวี,ACTIVE,2024-08-01,,,true,"FL-A2.0:FLA224510153 , A3.0:FLA323910230 , A4.5:FLA424510785 , A4.5:FLA424510732 SD-L1.5:SDL124810424 , L3.0:SDL324510349"
a63a9859-bdf4-42e4-b211-8abad6f53659,ddfb3971-6b07-4439-88e8-c34f3f84c519,HNT01240027,กรุงเทพ,กลาง,บางนา,ACTIVE,2024-08-01,,,true,"FL-A2.0:FLA224210094 , A3.0:FLA324410416 , A4.5:FLA424510762 , A6.0:FLA623710078 SD-L1.5:SDL124310402 , L3.0:SDL324510324"
41201d38-d388-4f73-b90e-c4e28882fa0b,ddfb3971-6b07-4439-88e8-c34f3f84c519,HNT01240368,กรุงเทพ,กลาง,สุขุมวิท,ACTIVE,2024-08-01,,,true,"FL-A1.5:FLA224510150 , A3.0:FLA323910213 , A4.5:FLA424510881 , A4.5:FLA424510794 SD-L1.5:SDL124210185 , L3.0:SDL324510350"
5337a756-c3dd-4cad-aff2-97d65764fcb0,ddfb3971-6b07-4439-88e8-c34f3f84c519,HNT01240046,กรุงเทพ,กลาง,นวมินทร์,ACTIVE,2024-08-01,,,true,"FL-A1.5:FLA224210075 , A3.0:FLA324410346 , A4.5:FLA424410602 SD-L1.5:SDL124210243 , L3.0:SDL324510255"
25877364-ba3c-4e7e-82ed-f36d43a170ea,ddfb3971-6b07-4439-88e8-c34f3f84c519,HNT01240057,กรุงเทพ,กลาง,อนุเสาวรีย์ชัยสมรภูมิ,ACTIVE,2024-08-14,,,true,"FL-A1.5:FLA224210095 , A3.0:FLA324410415 , A4.5:FLA424510759 , A6.0:- SD-L1.5:SDL124310401 , L3.0:SDL324510320"
3ba20668-9d2b-462e-bb6a-f13ff0cdc31a,ddfb3971-6b07-4439-88e8-c34f3f84c519,HNT01240026,ชลบุรี,ตะวันออก,ศรีราชา,ACTIVE,2024-08-01,,,true,"FL-A2.0:FLA224210073 , A3.0:FLA324410343 , A4.5:FLA424510965 , A6.0:FLA623710077 SD-L1.5:SDL124210241 , L3.0:SDL324A10419"
0dc0ed23-330f-4df8-825a-d47e82a3b283,ddfb3971-6b07-4439-88e8-c34f3f84c519,HNT01240037,เชียงใหม่,เหนือ,เมือง,ACTIVE,2024-08-15,,,true,"FL-A2.0:FLA224210096 , A3.0:FLA324410418 , A4.5:FLA424510764 SD-L1.5:SDL124210311 , L3.0:SDL324510323"
58ab0f5e-bffa-4192-8a70-993449608a85,ddfb3971-6b07-4439-88e8-c34f3f84c519,HNT0124090C,นนทบุรี,กลาง,บางกรวย,ACTIVE,2024-08-01,,,true,"FL-A2.0:FLA224510148 , A3.0:FLA324410419 , A4.5:FLA424510760 , A6.0:FLA623610064 SD-L1.5:SDL124310404 , L3.0:SDL324510319"
aa9769ee-82e5-4057-9bec-d45bed8c01e6,ddfb3971-6b07-4439-88e8-c34f3f84c519,HNT01240056,อุดร,อีสาน,เมือง,ACTIVE,2024-08-01,,,true,"FL-A2.0:FLA224210092 , A3.0:FLA324410417 , A4.5:FLA424510765 , A4.5:FLA424510761 SD-L1.5:SDL124210312 , L3.0:SDL324510322"
cdf6c872-4080-440c-be6e-b3fffabf586e,ddfb3971-6b07-4439-88e8-c34f3f84c519,HNT01240358,สมุทรปราการ,กลาง,บางพลี,ACTIVE,2024-08-01,,,true,"FL-A3.0:FLA323910243 , A4.5:FLA424410646 ,  A6.0:FLA623710085 SD-L1.5:SDL123210014 , SD-L1.5:SDL124810423 , L3.0:SDL324510351"
259d3dbc-2a12-433c-93a1-3eaf8efa08bf,ddfb3971-6b07-4439-88e8-c34f3f84c519,HNT01240398,กรุงเทพ,กลาง,ชิดลม,ACTIVE,2024-08-01,,,true,"FL-A2.0:FLA224210106 , A3.0:FLA323710119 , A4.5:FLA424510800 , A4.5:FLA424510864 , A6.0:FLA623610063 SD-L1.5:- , L3.0:"
a4736677-d184-47bb-bd5b-f7c0e5364c08,ddfb3971-6b07-4439-88e8-c34f3f84c519,HNT01240378,กรุงเทพ,กลาง,ชิดลม,ACTIVE,2024-09-04,,,true,"FL-A2.0:FLA224510151 , A3.0:FLA323710108 , A4.5:FLA424510721 , A4.5:FLA424510804 SD-L1.5:SDL124110028 , L3.0:SDL324510352"
ac9127e2-b36d-4bbf-8391-ff7901cf873c,ddfb3971-6b07-4439-88e8-c34f3f84c519,HNT01240388,กรุงเทพ,กลาง,ทองหล่อ,ACTIVE,2024-09-17,,,true,"FL-A2.0:FLA224510147 , A3.0:FLA324210122 , A4.5:FLA424410591 , A4.5:FLA424510861 SD-L1.5:SDL123610095 , L3.0:SDL324510339"
61467a85-36fe-45e6-9e6f-943d41d0676a,ddfb3971-6b07-4439-88e8-c34f3f84c519,HNT01240449,แพร่,เหนือ,เมือง,ACTIVE,2024-09-23,,,true,"FL-A2.0:FLA224210102 , A3.0:FLA323610094 , A4.5:FLA424510858 SD-L1.5:SDL124810434 , L3.0:SDL324510368"
8b4b9322-1806-49cf-92b0-dc1f38e4d845,ddfb3971-6b07-4439-88e8-c34f3f84c519,HNT01240429,กรุงเทพ,กลาง,รามอินทรา,ACTIVE,2024-09-25,,,true,"FL-A2.0:FLA224510159 , A3.0:FLA324110025 , A4.5:FLA424510859 , A3.0:FLA324810531 , A4.5:FLA424510763 SD-L1.5:SDL123710171 , L1.5:SDL124810437 , L3.0:SDL324510369 , L3.0:SDL324510371"
43c8b185-cc11-44a4-8023-c9f7d0cc1fbb,ddfb3971-6b07-4439-88e8-c34f3f84c519,HNT01240459,กรุงเทพ,กลาง,บางชัน,ACTIVE,2024-09-27,,,true,"FL-A2.0:FLA223710091 , A3.0:FLA324110040 , A4.5:FLA424510758 SD-L1.5:SDL124810436 , L3.0:-"
3ba81c07-0d29-4210-bb4d-b99e22c7debc,ddfb3971-6b07-4439-88e8-c34f3f84c519,HNT01240439,กรุงเทพ,กลาง,ลาดพร้าว,ACTIVE,2024-10-07,,,true,-
de47bd7f-5132-4757-843a-c0790c013085,ddfb3971-6b07-4439-88e8-c34f3f84c519,HNT01240539,สมุทรปราการ,กลาง,เมือง,ACTIVE,2024-10-16,,,true,"FL-A2.0:FLA224210120 , A3.0:FLA324810545 , A4.5:FLA424510888 , A6.0:FLA623710080 SD-L1.5:SDL124810446 , L3.0:SDL324510374"
cf2c9086-4673-4ae8-80b3-d4b99a44719e,ddfb3971-6b07-4439-88e8-c34f3f84c519,HNT01240509,กรุงเทพ,กลาง,ปทุมวัน,ACTIVE,2024-10-17,,,true,"FL-A2.0:FLA224510175 , A3.0:FLA324810557 , A4.5:FLA424510782 SD-L1.5:SDL124810448 , L3.0:SDL324510375"
bc7af2c7-701b-4dc9-bc0e-a523fffd680c,ddfb3971-6b07-4439-88e8-c34f3f84c519,HNT01240549,ราชบุรี,ตะวันตก,เมือง,ACTIVE,2024-10-19,,,true,"FL-A2.0:FLA224510177 , A3.0:FLA324810543 , A4.5: SD-L1.5:SDL124810450 , L3.0:SDL324510378"
73eac36d-e3e1-4377-b979-7e33d5c51bd1,ddfb3971-6b07-4439-88e8-c34f3f84c519,HNT01240519,ราชบุรี,ตะวันตก,บ้านโป่ง,ACTIVE,2024-10-19,,,true,"FL-A2.0:FLA224210119 , A3.0:FLA324810542 , A4.5: SD-L1.5:SDL124810449 , L3.0:SDL324510376"
f8b778ee-2cc2-470c-bc4a-2b52956b3d49,ddfb3971-6b07-4439-88e8-c34f3f84c519,HNT01240529,ลำปาง,เหนือ,เมือง,ACTIVE,2024-10-22,,,true,"FL-A2.0:FLA224510174 , A3.0:FLA324810558 , A4.5:FLA424510961 SD-L1.5:SDL124810433"
4049c069-d665-410d-8c45-699312884fbb,ddfb3971-6b07-4439-88e8-c34f3f84c519,HNT0124056A,กรุงเทพ,กลาง,ปื่นเกล้า,ACTIVE,2024-10-23,,,true,"FL-A2.0:FLA224210109 , A3.0:FLA324210176 , A4.5:FLA424510912 SD-L1.5:SDL124810460 , L3.0:SDL324410181"
4fc68be1-0540-4e19-8a0a-34efb29e0908,ddfb3971-6b07-4439-88e8-c34f3f84c519,HNT0124057A,กรุงเทพ,กลาง,คลองเคย,ACTIVE,2024-10-25,,,true,"FL-A2.0:FLA224510176 , A3.0:FLA323910240 , A4.5:FLA424510991 SD-L1.5:SDL124810459 , L3.0:SDL324410180"
04f706b9-6ddf-4f42-a694-b90bd6ae23c9,ddfb3971-6b07-4439-88e8-c34f3f84c519,HNT0124055A,กรุงเทพ,กลาง,ทองหล่อ,ACTIVE,2024-10-29,,,true,"FL-A2.0:FLA224210105 , A3.0:FLA323210007 , A4.5:FLA424210232 SD-L1.5:SDL124810461 , L3.0:SDL324510325"
478d4785-bc6a-4604-b9ab-c5bac9d1dad3,ddfb3971-6b07-4439-88e8-c34f3f84c519,HNT0124061A,กรุงเทพ,กลาง,ปทุมวัน,ACTIVE,2024-11-10,,,true,"FL-A2.0:FLA224210063 , A3.0:FLA324510494 , A4.5:FLA424A11008 SD-L1.5:SDL124810466 , L3.0:SDL324510345"
39c1165c-04a3-42ef-b22d-fd696b1e74dc,ddfb3971-6b07-4439-88e8-c34f3f84c519,HNT0124062A,กรุงเทพ,กลาง,ชิดลม,ACTIVE,2024-11-11,,,true,"FL-A2.0:FLA224210110 , A3.0:FLA324510492 , A4.5:FLA424510929 SD-L1.5:SDL124810467 , L3.0:SDL324510346"
f9f4ee13-7d69-4a9e-b86d-badba8729510,ddfb3971-6b07-4439-88e8-c34f3f84c519,HNT0124063B,กรุงเทพ,กลาง,ปทุมวัน,ACTIVE,2024-11-18,,,true,"FL-A2.0:FLA223210018 , A3.0:FLA324B10661 , A4.5:FLA423710114 SD-L1.5:SDL124A10496 , L3.0:SDL323210004"
97ce9588-3107-4a30-af69-1a41c04d1233,ddfb3971-6b07-4439-88e8-c34f3f84c519,HNT0124064B,ปทุมธานี,กลาง,รังสิต,ACTIVE,2024-11-19,,,true,"FL-A2.0:FLA223210023 , A3.0:FLA324B10662 , A4.5:FLA423710115 SD-L1.5:SDL124A10497 , L3.0:SDL323210010"
d61f5c12-3c3a-4a23-a3b0-8203325f621a,ddfb3971-6b07-4439-88e8-c34f3f84c519,HNT0124065B,กรุงเทพ,กลาง,บางนา,ACTIVE,2024-11-22,,,true,"FL-A2.0:FLA223210027 , A3.0:FLA324B10663 , A4.5:FLA423710116 SD-L1.5:SDL124A10507 , L3.0:SDL323210013"
30c76a54-fa08-4e8b-b51f-cdd733f54e92,ddfb3971-6b07-4439-88e8-c34f3f84c519,HNT0124066B,กรุงเทพ,กลาง,คลองสาน,ACTIVE,2024-12-02,,,true,"FL-A2.0:FLA223210044 , A3.0:FLA324B10664 , A4.5:FLA423710177 SD-L1.5:SDL124A10508 , L3.0:SDL323210046"
266e5075-a2c4-4767-adab-b73d7afa9605,ddfb3971-6b07-4439-88e8-c34f3f84c519,HNT0124067B,นครราชสีมา,อีสาน,เมือง,ACTIVE,2024-12-03,,,true,"FL-A2.0:FLA224610193 , A2.0:FLA224610194 , A3.0:FLA324B10667 , A3.0:FLA324B10668 , A4.5:FLA424410671 , A4.5:FLA423910227 SD-L1.5:SDL124A10511 , L3.0:SDL323710132"
1394536c-ea22-4c3a-8122-bb848d95cf01,ddfb3971-6b07-4439-88e8-c34f3f84c519,HNT0124070B,นครราชสีมา,อีสาน,เมือง,ACTIVE,2024-12-03,,,true,"FL-A2.0:FLA224610195 , A3.0:FLA324B10669 , A4.5:FLA423210063 , A4.5:FLA423710108 SD-L1.5:SDL124A10512 , L3.0:SDL323910191"
cd2132d7-c24b-42c1-bbff-195296bb8891,ddfb3971-6b07-4439-88e8-c34f3f84c519,HNT0124071B,นครราชสีมา,อีสาน,เมือง,ACTIVE,2024-12-04,,,true,"FL-A2.0:FLA224610197 , A3.0:FLA324B10671 , A4.5:FLA423910246 , A4.5:FLA423710146 SD-L1.5:SDL124A10513 L3.0:SDL324210030"
ff6acc87-0da8-407d-9a64-6b00b9b08ada,ddfb3971-6b07-4439-88e8-c34f3f84c519,HNT0124072B,กระบี่,ใต้,เมือง,ACTIVE,2024-12-07,,,true,"FL-A2.0:FLA223910142 , A3.0:FLA324B10673 , A4.5:FLA423910247 , A4.5:FLA424410672 SD-L1.5:SDL124A10514 , L3.0:SDL324710406"
c3efad33-e40a-4387-8992-6090466b1b78,ddfb3971-6b07-4439-88e8-c34f3f84c519,HNT0124073B,อยุธยา,กลาง,เมือง,ACTIVE,2024-12-23,,,true,"FL-A2.0:FLA223710112 , A3.0:FLA324B10684 , A4.5:FLA423910232 , A4.5:FLA424410673 SD-L1.5:SDL123210007 , L3.0:SDL324A10425"
31727430-db65-45d7-8aa8-4406224134b4,ddfb3971-6b07-4439-88e8-c34f3f84c519,HNT0124074B,ปทุมธานี,กลาง,ธัญบุรี,ACTIVE,2024-12-26,,,true,"FL-A2.0:FLA223710137 , A2.0:FLA223710139 , A3.0:FLA324B10684 , A4.5:FLA423910242 SD-L1.5:SDL124310406 , L3.0:SDL324A10420 RM-I49:RMI49241010001 - 004(4) , N49:RMN4924101001(1) RMN49241223001 - 003(3)"
c453d724-5c97-47a9-9489-51de14bda38a,ddfb3971-6b07-4439-88e8-c34f3f84c519,HNT0124091C,ปทุมธานี,กลาง,รังสิต,ACTIVE,2025-01-09,,,true,"FL-A2.0:FLA224210104 , A3.0:FLA324B10740 , A4.5:FLA424C11134 , A6.0:FLA623710082 SD-L1.5:SDL124B10575 , L3.0:SDL324C10449 , L4.5:SDL424A10636 RM-I49:RMI49241223001 - 004(4) , N49:RMN49241223004 - 007(..."
03dc66ee-640d-4f6d-8659-065253265cca,ddfb3971-6b07-4439-88e8-c34f3f84c519,HNT0124092C,กรุงเทพ,กลาง,กาญจนา,ACTIVE,2025-01-09,,,true,"FL-A2.0:FLA224610199 , A3.0:FLA324C10750 , A4.5:FLA424C11135 , A6.0:FLA623710084 SD-L1.5SDL124B10576 , L3.0:SDL324C10450 , L4.5:SDL424A10637 RM-I49:RMI49241223005 - 009(4) , RMN49241223008 - 011(4)"
e90e358a-1eee-440e-a047-65b5d3af5fff,ddfb3971-6b07-4439-88e8-c34f3f84c519,HNT0124094C,กรุงเทพ,กลาง,ห้วยขวาง,ACTIVE,2025-01-22,,,true,"FL-A2.0:FLA223910177 , A3.0:FLA324810562 , A4.5:FLA424C11137 SD-L1.5:SDL124B10578 , L3.0:SDL324C10452 RM-I25:RMI25241223001 , N25:RMN25241223001 , I49:RMI49241223015 , N49-RMN49241223025"
b4d2b670-d771-4fa7-a4b6-ea92de9b83b1,ddfb3971-6b07-4439-88e8-c34f3f84c519,HNT01250011,พิษณุโลก,เหนือ,เมือง,ACTIVE,,,,true,"FL-A2.0:FLA224510133 , A3.0:FLA324C10790 , A4.5:FLA424C11218 , A6.0:FLA623710089 SD-L1.5:SDL124C10662 , L3.0:SDL324C10535 , L4.5:SDL424C10664"
f184fcaf-71b9-4326-8163-3f46ed698537,ddfb3971-6b07-4439-88e8-c34f3f84c519,HNT0124093C,กรุงเทพ,กลาง,พระราม 2,ACTIVE,2025-01-31,,,true,"FL-A2.0:FLA225110003 , A3.0:FLA324C10751 , A4.5:FLA424C11136 , A6.0:FLA623710085 SD-L1.5:SDL124B10577 , L3.0:SDL324C10451 , L4.5:SDL424A10638 RM-I49:RMI49241223009 - 012(4) , RMN49241223012 - 015(4)"
28a0f715-ecb9-4d44-9771-e87dfa9b8ad6,ddfb3971-6b07-4439-88e8-c34f3f84c519,HNT01250021,ราชบุรี,ตะวันตก,บ้านโป่ง,ACTIVE,2025-02-04,,,true,"FL-A2.0:FLA223910175 , A3.0:FLA324c10778 , A3.0:FLA324c10779 , A4.5:FLA424c11220 SD-L1.5:SDL124C10661 , L3.0:SDL324C10533 , L4.5:SDL424C10665"
6aa12332-5afd-40bf-a02f-3b5a9951e324,ddfb3971-6b07-4439-88e8-c34f3f84c519,HNT01250031,กรุงเทพ,กลาง,ลาดพร้าว,ACTIVE,2025-02-05,,,true,ไม่มี
5cc99914-e5ca-441c-9c63-147fe5c777a5,ddfb3971-6b07-4439-88e8-c34f3f84c519,HNT01250443,กรุงเทพ,กลาง,ทองหล่อ,ACTIVE,2025-02-05,,,true,มี
c4c76bd1-a032-4c0e-9ce1-96e8e592aa4a,ddfb3971-6b07-4439-88e8-c34f3f84c519,HNT01250051,ขอนแก่น,อีสาน,เมือง,ACTIVE,2025-02-07,,,true,มี
3d340e60-1094-436d-822b-5838f2f5721a,ddfb3971-6b07-4439-88e8-c34f3f84c519,HNT01250182,นครพนม,อีสาน,เมือง,ACTIVE,2025-03-06,,,true,ไม่มี
a6f3601f-c8b8-4657-a56e-2c52f1cf7bf6,ddfb3971-6b07-4439-88e8-c34f3f84c519,HNT01250192,มหาสารคาม,อีสาน,เมือง,ACTIVE,2025-03-08,,,true,มี
1e527966-586c-4d91-94a4-8ad208eb8f25,ddfb3971-6b07-4439-88e8-c34f3f84c519,HNT01250162,กรุงเทพ,กลาง,พญาไท,ACTIVE,2025-02-26,,,true,มี
ae6cf492-93e8-4381-8388-9baadc6df74b,ddfb3971-6b07-4439-88e8-c34f3f84c519,HNT01250202,กรุงเทพ,กลาง,ห้วยขวาง,ACTIVE,,,,true,มี
51a9709c-2f66-482c-9cda-0bf747ab74ce,ddfb3971-6b07-4439-88e8-c34f3f84c519,HNT01250252,กรุงเทพ,กลาง,คลองเคย,ACTIVE,,,,true,ไม่มี
d09477ec-66fe-4b41-b02a-272273e1433f,ddfb3971-6b07-4439-88e8-c34f3f84c519,HNT01250262,พิจิตร,เหนือ,เมือง,ACTIVE,,,,true,มี
4d70274e-80cc-4743-8658-10f232d9503a,ddfb3971-6b07-4439-88e8-c34f3f84c519,HNT01250272,กรุงเทพ,กลาง,ประเวศ,ACTIVE,,,,true,มี
ec966035-f152-4f4f-af7f-ce1ad0739743,ddfb3971-6b07-4439-88e8-c34f3f84c519,HNT01250172,กรุงเทพ,กลาง,ราชเทวี,ACTIVE,,,,true,มี
70e1ed98-f4b1-42b1-83b9-8d4ec44abcdb,ddfb3971-6b07-4439-88e8-c34f3f84c519,HNT01250282,กรุงเทพ,กลาง,บางกะปิ,ACTIVE,,,,true,มี
ead2e032-1ac5-4ea8-ba24-00f7be1ab504,ddfb3971-6b07-4439-88e8-c34f3f84c519,HNT01250292,ชลบุรี,ตะวันออก,เมือง,ACTIVE,,,,true,ไม่มี
99dc7feb-16c8-46c0-99dc-ceba539ac5d7,ddfb3971-6b07-4439-88e8-c34f3f84c519,HNT01250353,พิษณุโลก,กลาง,เมือง,ACTIVE,2025-05-05,365,,false,
22684ebd-eaa8-4b59-ba46-695c220bc733,ddfb3971-6b07-4439-88e8-c34f3f84c519,HNT01250041,กรุงเทพ,กลาง,รามอินทรา,ACTIVE,2025-05-07,,,true,ไม่มี
0a879962-1a94-4c3d-ae6e-9956635c759b,ddfb3971-6b07-4439-88e8-c34f3f84c519,HNT01250373,ระยอง,ตะวันออก,เมือง,ACTIVE,2025-05-08,365,,false,
b373abeb-7f00-490c-9041-29443c743e52,ddfb3971-6b07-4439-88e8-c34f3f84c519,HNT01250383,ระยอง,ตะวันออก,เมือง,ACTIVE,2025-05-08,365,,false,
2bdf6018-eb28-4429-b1ea-a623b9f7b291,ddfb3971-6b07-4439-88e8-c34f3f84c519,HNT01250363,บุรีรัมย์,อีสาน,เมือง,ACTIVE,2025-05-28,,,true,มี
041c4d5e-284f-46b8-863d-a27595799f42,ddfb3971-6b07-4439-88e8-c34f3f84c519,HNT01250393,นครราชสีมา,อีสาน,เมือง,ACTIVE,2025-05-30,,,true,มี
0b10a13f-b00a-4476-ab37-8a4e309af5e3,ddfb3971-6b07-4439-88e8-c34f3f84c519,HNT01250433,ระยอง,ตะวันออก,เมือง,ACTIVE,2025-06-13,,,true,มี
44f8dbfd-0b46-40c5-85a4-607ba45aaa1a,ddfb3971-6b07-4439-88e8-c34f3f84c519,HNT01250453,กรุงเทพ,กลาง,สวนหลวง,ACTIVE,,,,true,ไม่มี
59bd58b9-6a8d-4e13-84f8-0e5fcb4ae652,ddfb3971-6b07-4439-88e8-c34f3f84c519,HNT01250463,อุบลราชธานี,อีสาน,เมือง,ACTIVE,,,,true,มี
3eee90bd-0e37-42f1-bb4f-74d6937aa86d,ddfb3971-6b07-4439-88e8-c34f3f84c519,,กรุงเทพ,กลาง,สีลม,ACTIVE,,,,false,
a77e4511-230d-4ef4-bfcf-f3cd0ba53d07,ddfb3971-6b07-4439-88e8-c34f3f84c519,HNT01251057 (Neo),เชียงใหม่,เหนือ,เมือง,ACTIVE,,,,true,ไม่มี
2d288f60-cf82-4242-b4ad-8c2cfaff20d1,ddfb3971-6b07-4439-88e8-c34f3f84c519,HNT01251328 (Neo),กรุงเทพ,กลาง,ลาดพร้าว,ACTIVE,,,,true,ไม่มี
672c916d-a54c-4d7a-b5c1-6de25de50452,ddfb3971-6b07-4439-88e8-c34f3f84c519,HNT01250555,กรุงเทพ,กลาง,ปทุมวัน,ACTIVE,,,,true,มี
5eae01b1-646f-4480-89f4-7433fed8320c,ddfb3971-6b07-4439-88e8-c34f3f84c519,HNT01251267 (Neo),ชลบุรี,ตะวันออก,เมือง,ACTIVE,,,,true,มี
5184d024-5bbe-4425-9121-f3079b1a00b8,ddfb3971-6b07-4439-88e8-c34f3f84c519,HNT01251277 (Neo),น่าน,เหนือ,เมือง,ACTIVE,,,,true,ไม่มี
ba85316e-810c-4c0c-9036-7dd034771715,ddfb3971-6b07-4439-88e8-c34f3f84c519,HNT01251297 (Neo),อยุธยา,กลาง,เมือง,ACTIVE,,,,true,ไม่มี
48137c53-9d97-4a9d-9e99-e4a01c6a8826,ddfb3971-6b07-4439-88e8-c34f3f84c519,HNT01250565,ลาว,,เวียงจันทร์,ACTIVE,,,,true,มี
b35705da-62b9-430a-a708-5652551103c9,ddfb3971-6b07-4439-88e8-c34f3f84c519,HNT0125206C (Neo.),นครราชสีมา,อีสาน,ปากช่อง,ACTIVE,,,,true,มี
161f0a94-72cf-433a-8c88-bab94edb80ab,ddfb3971-6b07-4439-88e8-c34f3f84c519,HNT0125204C  (Neo.),บุรีรัมย์,อีสาน,เมือง,ACTIVE,,,,true,มี
397612e2-6ea3-47a3-b853-72c59b7fa77c,ddfb3971-6b07-4439-88e8-c34f3f84c519,HNT0125207C  (Neo.),กรุงเทพ,กลาง,ลาดพร้าว,ACTIVE,,,,true,มี
e6e3bf0b-5fe2-4103-a86c-211d61122315,69709536-218c-46c2-8f0e-3d5c7e5b2058,A0FD10HRBK00AH0808,ภูเก็ต,ใต้,เมือง,ACTIVE,,,,false,30/12/1899
0421410b-d029-4732-bea2-51a58e2461ff,69709536-218c-46c2-8f0e-3d5c7e5b2058,A0FD10AF18010,ประจวบคีรีขันธุ์,ใต้,หัวหิน,ACTIVE,2024-09-13,365,2025-09-13,false,13/09/2025
4dd2f1d3-ecc2-4c72-8beb-5a314446394e,69709536-218c-46c2-8f0e-3d5c7e5b2058,A0FD10LRBK00AH2814,ชลบุรี,ตะวันออก,บางละมุง,ACTIVE,2024-10-10,365,2025-10-10,false,10/10/2025
ed8d02ba-490c-4c65-a9aa-340bd1850657,69709536-218c-46c2-8f0e-3d5c7e5b2058,A0FD10DRBK00AH2903,พิษณุโลก,เหนือ,เมือง,ACTIVE,2024-10-05,365,2025-10-05,false,05/10/2025
5bbb6eaf-277d-48fd-ac05-67aba22bf8a0,69709536-218c-46c2-8f0e-3d5c7e5b2058,A0FD10LRBK00AH2216,พิษณุโลก,เหนือ,เมือง,ACTIVE,2024-10-05,365,2025-10-05,false,05/10/2025
c12cb842-0fb8-4a49-8ff7-3dd48bb79e17,69709536-218c-46c2-8f0e-3d5c7e5b2058,A0FD10LRBK00AH2217,กรุงเทพ,กลาง,ปทุมวัน,ACTIVE,2024-11-20,365,2025-11-20,false,20/11/2025
66426fad-5b24-4abb-8a83-5758f781f7f9,69709536-218c-46c2-8f0e-3d5c7e5b2058,A0FD10LRBK00AG2303,กรุงเทพ,กลาง,สีลม,ACTIVE,2024-12-26,365,2025-12-26,false,26/12/2025
7b75eeab-aeae-44a8-8114-c08d2deaedd2,69709536-218c-46c2-8f0e-3d5c7e5b2058,A0FD10LRBK00AH1403,กรุงเทพ,กลาง,นวมินทร์,ACTIVE,2025-01-07,365,2026-01-07,false,07/01/2026
0ba174fc-f88b-4eda-979f-9825f5df515e,69709536-218c-46c2-8f0e-3d5c7e5b2058,A0FD10LRBK00AI2406,ขอนแก่น,อีสาน,เมือง,ACTIVE,2025-02-07,365,2026-02-07,false,07/02/2026
2a240e30-586e-44d2-bc76-3dba9dcc8409,69709536-218c-46c2-8f0e-3d5c7e5b2058,A0FD10LRCK00BB0707,กรุงเทพ,กลาง,จตุจักร,ACTIVE,2025-04-11,365,2026-04-11,false,11/04/2026
7fd57ee0-35c2-441e-ae91-03925d747396,69709536-218c-46c2-8f0e-3d5c7e5b2058,A0FD10LRCK00BB0708,นครสวรรค์,เหนือ,เมือง,ACTIVE,2025-05-05,365,2026-05-05,false,05/05/2026
fdc6c27e-a2b0-4ebb-ab4a-c3d385dc24d3,69709536-218c-46c2-8f0e-3d5c7e5b2058,A0FD10LRCK00BB1503,ชลบุรี,ตะวันออก,เมือง,ACTIVE,2025-05-07,365,2026-05-07,false,07/05/2026
0a879962-1a94-4c3d-ae6e-9956635c759b,69709536-218c-46c2-8f0e-3d5c7e5b2058,A0FD10LRCK00BB1504,ระยอง,ตะวันออก,เมือง,ACTIVE,2025-05-08,365,2026-05-08,false,08/05/2026
5390d841-6a19-4657-a8c2-d7ae527afdf0,69709536-218c-46c2-8f0e-3d5c7e5b2058,A0FD10DRCK00BD0912,กรุงเทพ,กลาง,ประเวศ,ACTIVE,2025-05-27,365,2026-05-27,false,27/05/2026
d2657d17-2d65-454e-a673-6292161abf8b,69709536-218c-46c2-8f0e-3d5c7e5b2058,A0FD10LRCK00BB1509,นครราชสีมา,อีสาน,เมือง,ACTIVE,2025-05-29,365,2026-05-29,false,29/05/2026
23350f74-3f7a-415c-a70a-9cc3aae1aea1,69709536-218c-46c2-8f0e-3d5c7e5b2058,A0FD10DRCK00BD2104,กำแพงเพชร,กลาง,เมือง,ACTIVE,2025-06-11,365,2026-06-11,false,11/06/2026
67f41b73-3971-431f-b70f-c7f100c1660f,69709536-218c-46c2-8f0e-3d5c7e5b2058,A0FD10DRCK00BD2107,เชียงใหม่,เหนือ,เมือง,ACTIVE,2025-06-16,365,2026-06-16,false,16/06/2026
70e1ed98-f4b1-42b1-83b9-8d4ec44abcdb,69709536-218c-46c2-8f0e-3d5c7e5b2058,A0FD10DRCK00BD2205,กรุงเทพ,กลาง,บางกะปิ,ACTIVE,2025-06-26,365,2026-06-26,false,26/06/2026
5f1efe28-607f-4d0c-9de5-fbcf1bd4e059,69709536-218c-46c2-8f0e-3d5c7e5b2058,A0FD10DRCK00BD2120,เชียงใหม่,เหนือ,เมือง,ACTIVE,2025-07-08,365,2026-07-08,false,08/07/2026
d902407c-3ed7-4515-944e-9903459c9278,69709536-218c-46c2-8f0e-3d5c7e5b2058,A0FD10DRCK00BF1009,กรุงเทพ,กลาง,ปทุมวัน,ACTIVE,2025-07-17,365,2026-07-17,false,17/07/2026
44f8dbfd-0b46-40c5-85a4-607ba45aaa1a,69709536-218c-46c2-8f0e-3d5c7e5b2058,A0FD10DRCK00BF1017,กรุงเทพ,กลาง,ลาดพร้าว,ACTIVE,2025-07-17,365,2026-07-17,false,17/07/2026
f9e269e9-176e-43b4-803b-4a8bd46fe99e,69709536-218c-46c2-8f0e-3d5c7e5b2058,A0FD10DRCK00BF1027,นครราชสีมา,อีสาน,เมือง,ACTIVE,2025-07-24,365,2026-07-24,false,24/07/2026
8efcd937-7ced-4781-8648-af5fbb3e1e9d,69709536-218c-46c2-8f0e-3d5c7e5b2058,A0FD10LRCK00BF2827,กรุงเทพ,กลาง,ดอนเมือง,ACTIVE,2025-08-26,750,2027-09-15,false,15/09/2027
c29bfd71-3eb9-4704-acb9-be6a34adfce9,69709536-218c-46c2-8f0e-3d5c7e5b2058,A0FD10LRCK00BF2823,แพร่,เหนือ,เมือง,ACTIVE,2025-09-28,365,2026-09-28,false,28/09/2026
59b87f49-9d76-4a22-9229-956ec5755dbf,69709536-218c-46c2-8f0e-3d5c7e5b2058,A0FD10LRCK00BF2825,กรุงเทพ,กลาง,ห้วยขวาง,ACTIVE,2025-10-04,365,2026-10-04,false,04/10/2026
ee2f7001-5fa8-4413-8880-c60a0de5cf24,69709536-218c-46c2-8f0e-3d5c7e5b2058,A0FD10LRCK00BF2828,ตาก,เหนือ,แม่สอด,ACTIVE,2025-10-15,365,2026-10-15,false,15/10/2026
b02a79e5-8aee-495c-bb6d-32aeecc5af51,69709536-218c-46c2-8f0e-3d5c7e5b2058,A0FD10LRCK00BG0926,เชียงใหม่,เหนือ,เมือง,ACTIVE,2025-10-16,1095,2028-10-15,false,15/10/2028
d9dcbe70-c5cb-49e4-a1e5-8c605dcabec1,69709536-218c-46c2-8f0e-3d5c7e5b2058,A0FD10DRCK00BG2601,เชียงใหม่,เหนือ,เมือง,ACTIVE,2025-10-16,1095,2028-10-15,false,15/10/2028
a22c0af7-d593-43eb-9ca6-e51638548536,69709536-218c-46c2-8f0e-3d5c7e5b2058,A0FD10LRCK00BG1404,เชียงใหม่,เหนือ,เมือง,ACTIVE,2025-10-16,1095,2028-10-15,false,15/10/2028
9ec79650-3448-4d54-9559-c27e76548e86,69709536-218c-46c2-8f0e-3d5c7e5b2058,A0FD10LRCK00BG0927,นครสวรรค์,กลาง,เมือง,ACTIVE,2025-10-17,365,2026-10-17,false,17/10/2026
101f9a5d-75a0-4aae-a6f2-95aef6681bec,69709536-218c-46c2-8f0e-3d5c7e5b2058,A0FD10LRCK00BG1412,พิษณุโลก,เหนือ,เมือง,ACTIVE,2025-10-18,365,2026-10-18,false,18/10/2026
b31a7688-8a58-4eaf-9d61-ce2db0ba2cd0,69709536-218c-46c2-8f0e-3d5c7e5b2058,A0FD10DRCK00BG2623,ภูเก็ต,ใต้,เมือง,ACTIVE,2025-11-23,365,2026-11-23,false,23/11/2026
5eae01b1-646f-4480-89f4-7433fed8320c,69709536-218c-46c2-8f0e-3d5c7e5b2058,A0FD10LRCK00BF1101,ชลบุรี,ตะวันออก,เมือง,ACTIVE,2025-12-05,365,2026-12-05,false,05/12/2026
5184d024-5bbe-4425-9121-f3079b1a00b8,69709536-218c-46c2-8f0e-3d5c7e5b2058,A0FD10DRCK00BH2826,น่าน,เหนือ,เมือง,ACTIVE,2025-12-10,365,2026-12-10,false,10/12/2026
ff5d4968-e0d3-4c88-b459-89d2b637165b,69709536-218c-46c2-8f0e-3d5c7e5b2058,A0FD10DRCK00BJ1601,กรุงเทพ,กลาง,คลองตันเหนือ,ACTIVE,2025-12-15,365,2026-12-15,false,15/12/2026
3325bed9-d404-4869-916c-518d6b4e356c,69709536-218c-46c2-8f0e-3d5c7e5b2058,A0FD10DRCK00BJ1609,กรุงเทพ,กลาง,เอกมัย,ACTIVE,2025-12-23,365,2026-12-23,false,23/12/2026
ee7fac26-db42-4e07-a5e4-3ef8c0d420dd,69709536-218c-46c2-8f0e-3d5c7e5b2058,A0FD10DRCK00BJ2908,พิษณุโลก,เหนือ,เมือง,ACTIVE,2026-01-16,365,2027-01-16,false,16/01/2027
e02ce43a-504d-4d32-973c-8e8f52d27299,69709536-218c-46c2-8f0e-3d5c7e5b2058,A0FD10DRCK00BK0309,กรุงเทพ,กลาง,สีลม,ACTIVE,2026-01-26,365,2027-01-26,false,26/01/2027
ec966035-f152-4f4f-af7f-ce1ad0739743,69709536-218c-46c2-8f0e-3d5c7e5b2058,A0FD10DRCK00BK0311,กรุงเทพ,กลาง,ราชเทวี,ACTIVE,2026-02-12,365,2027-02-12,false,12/02/2027
397612e2-6ea3-47a3-b853-72c59b7fa77c,69709536-218c-46c2-8f0e-3d5c7e5b2058,A0FD10YRCK00CA0811,กรุงเทพ,กลาง,ลาดพร้าว,ACTIVE,2026-03-05,365,2027-03-05,false,05/03/2027
1f7ba5f3-2061-44ff-bb0d-48e211de3252,69709536-218c-46c2-8f0e-3d5c7e5b2058,A0FD10YRCK00CA0823,กรุงเทพ,กลาง,สาธุประดิษฐ์,ACTIVE,2026-03-09,365,2027-03-09,false,09/03/2027
be595cd5-892b-4ef2-96c1-9897c56b947d,73b05e7a-9ce7-4487-be8c-0c8144eda691,,สระบุรี,กลาง,เมือง,ACTIVE,2025-05-26,,,false,30/12/1899
de47bd7f-5132-4757-843a-c0790c013085,73b05e7a-9ce7-4487-be8c-0c8144eda691,OEM-LSP317Q-D-2409018,สมุทรปราการ,กลาง,เมือง,ACTIVE,2024-11-28,365,2025-11-28,false,28/11/2025
e6e3bf0b-5fe2-4103-a86c-211d61122315,73b05e7a-9ce7-4487-be8c-0c8144eda691,OEM-LSP317Q-D-2411044,ภูเก็ต,ใต้,เมือง,ACTIVE,,,,false,30/12/1899
ae6cf492-93e8-4381-8388-9baadc6df74b,73b05e7a-9ce7-4487-be8c-0c8144eda691,OEM-LSP317Q-D-2411039,กรุงเทพ,กลาง,จตุจักร,ACTIVE,2025-03-17,365,2026-03-17,false,17/03/2026
545343c6-a6f8-46f2-8db3-8afba31ccca6,73b05e7a-9ce7-4487-be8c-0c8144eda691,OEM-LSP317Q-D-2411041,กรุงเทพ,กลาง,ปทุมวัน,ACTIVE,2025-03-21,365,2026-03-21,false,21/03/2026
22094029-5f2f-47ec-b215-6aa9e1437de0,73b05e7a-9ce7-4487-be8c-0c8144eda691,OEM-LSP317Q-D-2411042,กรุงเทพ,กลาง,บางกะปิ,ACTIVE,2025-03-21,365,2026-03-21,false,21/03/2026
52273eb8-2961-4f86-b5ef-5fc733ef20a5,73b05e7a-9ce7-4487-be8c-0c8144eda691,OEM-LSP317Q-D-2411045,ปราจีนบุรี,ตะวันออก,เมือง,ACTIVE,2025-04-04,365,2026-04-04,false,04/04/2026
3031a93a-50d3-449f-8b5f-e7bca5abea9a,73b05e7a-9ce7-4487-be8c-0c8144eda691,OEM-LSP317Q-D-2411047,ขอนแก่น,อีสาน,เมือง,ACTIVE,2025-04-11,365,2026-04-11,false,11/04/2026
458a6f61-8931-4aea-8de0-2707f9e45944,73b05e7a-9ce7-4487-be8c-0c8144eda691,OEM-LSP317Q-D-2411043,กรุงเทพ,กลาง,ห้วยขวาง,ACTIVE,2025-04-11,365,2026-04-11,false,11/04/2026
e2820e1b-913d-440e-a872-63fa11a56a8f,73b05e7a-9ce7-4487-be8c-0c8144eda691,OEM-LSP317Q-D-2411040,ตรัง,ใต้,เมือง,ACTIVE,2025-04-23,365,2026-04-23,false,23/04/2026
fddf9e0c-91d7-4c15-9a40-5a4fd149591f,73b05e7a-9ce7-4487-be8c-0c8144eda691,OEM-LSP317QA-D-2504021,กรุงเทพ,กลาง,ห้วยขวาง,ACTIVE,2025-05-14,365,2026-05-14,false,14/05/2026
da7152a2-2ef4-465c-857d-6efd7311a466,73b05e7a-9ce7-4487-be8c-0c8144eda691,OEM-LSP317QA-D-2501014,กรุงเทพ,กลาง,บางนา,ACTIVE,2025-06-27,365,2026-06-27,false,27/06/2026
2d3a3edf-471e-479c-a7ca-708814bc42b5,73b05e7a-9ce7-4487-be8c-0c8144eda691,OEM-LSP317QA-D-2504016,กรุงเทพ,กลาง,ปทุมวัน,ACTIVE,2025-07-18,365,2026-07-18,false,18/07/2026
a8ddd120-54e4-425c-a99e-8db8017619b5,73b05e7a-9ce7-4487-be8c-0c8144eda691,OEM-LSP317QA-D-2504017,กรุงเทพ,กลาง,ทองหล่อ,ACTIVE,2025-09-11,365,2026-09-11,false,11/09/2026
c8453a6c-8a36-475d-8861-ac1974a7700f,73b05e7a-9ce7-4487-be8c-0c8144eda691,OEM-LSP317QA-D-2510048 (Gold),กรุงเทพ,กลาง,ชิดลม,ACTIVE,2025-10-15,365,2026-10-15,false,15/10/2026
e7f80d8e-7ba9-44b6-812b-7e74b756fe04,73b05e7a-9ce7-4487-be8c-0c8144eda691,OEM-LSP317QA-D-2510049 (Gold),กรุงเทพ,กลาง,ทองหล่อ,ACTIVE,2025-10-22,365,2026-10-22,false,22/10/2026
1157fad2-1772-4649-a279-4c6c0da93f58,73b05e7a-9ce7-4487-be8c-0c8144eda691,OEM-LSP317QA-D-2510050 (Gold),กรุงเทพ,กลาง,สุขุมวิท,ACTIVE,2025-10-22,365,2026-10-22,false,22/10/2026
5ca44da7-ea9e-4a56-aaca-d2af2d29aed5,73b05e7a-9ce7-4487-be8c-0c8144eda691,OEM-LSP317QA-D-2510051 (Gold),กรุงเทพ,กลาง,สีลม,ACTIVE,2025-10-22,365,2026-10-22,false,22/10/2026
3e50d7e5-ed52-421e-87cd-4f2043daad8d,73b05e7a-9ce7-4487-be8c-0c8144eda691,OEM-LSP317QA-D-2510052 (Gold),กรุงเทพ,กลาง,ปทุมวัน,ACTIVE,2025-10-22,365,2026-10-22,false,22/10/2026
a9ed0c8e-c59e-4178-a2c7-ab828d644b99,73b05e7a-9ce7-4487-be8c-0c8144eda691,OEM-LSP317QA-D-2510056 (Gold),ชลบุรี,ตะวันออก,เมือง,ACTIVE,2025-10-30,365,2026-10-30,false,30/10/2026
06bad348-0341-4eb4-bc48-2ee1ec83296b,73b05e7a-9ce7-4487-be8c-0c8144eda691,OEM-LSP317QA-D-2510087 (Gold),นนทบุรี,กลาง,เมือง,ACTIVE,2025-10-30,365,2026-10-30,false,30/10/2026
140d137f-e3e5-4721-bacd-c3ddeea4dbe3,73b05e7a-9ce7-4487-be8c-0c8144eda691,OEM-LSP317QA-D-2510070 (Gold),นนทบุรี,กลาง,บางกรวย,ACTIVE,2025-10-30,365,2026-10-30,false,30/10/2026
f73ee689-9f5e-4202-8a78-c0723ade4986,73b05e7a-9ce7-4487-be8c-0c8144eda691,OEM-LSP317QA-D-2510054 (Gold),กรุงเทพ,กลาง,บางกอกน้อย,ACTIVE,2025-10-30,365,2026-10-30,false,30/10/2026
1b3547ce-7567-427d-ab49-718f0d6b7af7,73b05e7a-9ce7-4487-be8c-0c8144eda691,OEM-LSP317QA-D-2510081 (Gold),นนทบุรี,กลาง,ปากเกร็ด,ACTIVE,2025-10-30,365,2026-10-30,false,30/10/2026
3fe72a9a-3e3e-4aae-9102-7b42e7126a91,73b05e7a-9ce7-4487-be8c-0c8144eda691,OEM-LSP317QA-D-2510057 (Gold),ชลบุรี,ตะวันออก,ศรีราชา,ACTIVE,2025-10-30,365,2026-10-30,false,30/10/2026
6e1f7520-2e7c-4d59-83ee-0a37d585e15e,73b05e7a-9ce7-4487-be8c-0c8144eda691,OEM-LSP317QA-D-2510060 (Gold),กรุงเทพ,กลาง,ธนบุรี,ACTIVE,2025-10-30,365,2026-10-30,false,30/10/2026
2a650e68-0528-4ffc-b3e8-b6e98a4eb7be,73b05e7a-9ce7-4487-be8c-0c8144eda691,OEM-LSP317QA-D-2510069 (Gold),กรุงเทพ,กลาง,บางแค,ACTIVE,2025-10-30,365,2026-10-30,false,30/10/2026
afae97b8-8a73-465f-b00b-83ffe6b7eb59,73b05e7a-9ce7-4487-be8c-0c8144eda691,OEM-LSP317QA-D-2510086 (Gold),นนทบุรี,กลาง,บางใหญ่,ACTIVE,2025-10-30,365,2026-10-30,false,30/10/2026
619de13e-1b63-4b19-bc49-dcf398f63e18,73b05e7a-9ce7-4487-be8c-0c8144eda691,OEM-LSP317QA-D-2510078 (Gold),กรุงเทพ,กลาง,พระราม2,ACTIVE,2025-10-30,365,2026-10-30,false,30/10/2026
ffbc3e3c-e65a-480e-9d03-f2eafdfa1431,73b05e7a-9ce7-4487-be8c-0c8144eda691,OEM-LSP317QA-D-2510068 (Gold),นครปฐม,กลาง,เมือง,ACTIVE,2025-10-30,365,2026-10-30,false,30/10/2026
7ec1f354-7890-4520-a3ee-2eb0a74acfea,73b05e7a-9ce7-4487-be8c-0c8144eda691,OEM-LSP317QA-D-2510059 (Gold),ชลบุรี,ตะวันออก,บางละมุง,ACTIVE,2025-10-31,365,2026-10-31,false,31/10/2026
daa8ef91-90e9-4044-a2bb-d72dbec5fda1,73b05e7a-9ce7-4487-be8c-0c8144eda691,OEM-LSP317QA-D-2510058 (Gold),กรุงเทพ,กลาง,รามอินทรา,ACTIVE,2025-10-31,365,2026-10-31,false,31/10/2026
67de09c0-5a1f-4dba-929a-30371cc90f01,73b05e7a-9ce7-4487-be8c-0c8144eda691,OEM-LSP317QA-D-2510088 (Gold),กรุงเทพ,กลาง,ลาดพร้าว,ACTIVE,2025-10-31,365,2026-10-31,false,31/10/2026
ad03bde7-eafd-42a1-91d8-8aac6d180f23,73b05e7a-9ce7-4487-be8c-0c8144eda691,OEM-LSP317QA-D-2510063 (Gold),ระยอง,ตะวันออก,เมือง,ACTIVE,2025-10-31,365,2026-10-31,false,31/10/2026
27f93d82-7062-4b96-9a5b-0dc73b8de8b8,73b05e7a-9ce7-4487-be8c-0c8144eda691,OEM-LSP317QA-D-2510065 (Gold),กรุงเทพ,กลาง,จตุจักร,ACTIVE,2025-10-31,365,2026-10-31,false,31/10/2026
3cb4d566-f6ec-46e1-a8a0-9cae42c5025e,73b05e7a-9ce7-4487-be8c-0c8144eda691,OEM-LSP317QA-D-2510090 (Gold),กรุงเทพ,กลาง,พระราม3,ACTIVE,2025-10-31,365,2026-10-31,false,31/10/2026
fec69cfb-f48d-47eb-9a50-24ccd861a356,73b05e7a-9ce7-4487-be8c-0c8144eda691,OEM-LSP317QA-D-2510079 (Gold),กรุงเทพ,กลาง,ลาดพร้าว,ACTIVE,2025-10-31,365,2026-10-31,false,31/10/2026
41ee97ee-2636-4cce-beb2-3250a912a068,73b05e7a-9ce7-4487-be8c-0c8144eda691,OEM-LSP317QA-D-2510072 (Gold),กรุงเทพ,กลาง,ลาดพร้าว,ACTIVE,2025-10-31,365,2026-10-31,false,31/10/2026
34aa7417-7d99-47ec-bafc-0e52973e8a01,73b05e7a-9ce7-4487-be8c-0c8144eda691,OEM-LSP317QA-D-2510064 (Gold),กรุงเทพ,กลาง,บางนา,ACTIVE,2025-10-31,365,2026-10-31,false,31/10/2026
905a2202-0c69-4843-a282-32b01dd7b816,73b05e7a-9ce7-4487-be8c-0c8144eda691,OEM-LSP317QA-D-2510066 (Gold),กรุงเทพ,กลาง,บางนา,ACTIVE,2025-10-31,365,2026-10-31,false,31/10/2026
6326a3e2-3dfb-4ca7-889b-e5422ae729ac,73b05e7a-9ce7-4487-be8c-0c8144eda691,OEM-LSP317QA-D-2510062 (Gold),กรุงเทพ,กลาง,ศรีนครินทร์,ACTIVE,2025-10-31,365,2026-10-31,false,31/10/2026
5663d9e0-f607-4fd2-b118-955bddee4eef,73b05e7a-9ce7-4487-be8c-0c8144eda691,OEM-LSP317QA-D-2510082 (Gold),จันทบุรี,ตะวันออก,เมือง,ACTIVE,2025-11-01,365,2026-11-01,false,01/11/2026
24fbab32-95ae-4bb4-a803-0620258c0a9b,73b05e7a-9ce7-4487-be8c-0c8144eda691,OEM-LSP317QA-D-2510074 (Gold),นครสวรรค์,เหนือ,เมือง,ACTIVE,2025-11-01,365,2026-11-01,false,01/11/2026
de14417d-1619-4e47-935c-6eb48e5c0662,73b05e7a-9ce7-4487-be8c-0c8144eda691,OEM-LSP317QA-D-2510071 (Gold),ปทุมธานี,กลาง,ธัญบุรี,ACTIVE,2025-11-01,365,2026-11-01,false,01/11/2026
2d617322-b365-43f0-95e2-6c060c10d74c,73b05e7a-9ce7-4487-be8c-0c8144eda691,OEM-LSP317QA-D-2510075 (Gold),อยุธยา,กลาง,เมือง,ACTIVE,2025-11-02,365,2026-11-02,false,02/11/2026
ee1e3dff-85ef-4602-a8f5-e087a3c5a09b,73b05e7a-9ce7-4487-be8c-0c8144eda691,OEM-LSP317QA-D-2510089 (Gold),สระบุรี,อีสาน,เมือง,ACTIVE,2025-11-02,365,2026-11-02,false,02/11/2026
9fa3cd84-a23b-40dc-8e33-a9cc390b1557,73b05e7a-9ce7-4487-be8c-0c8144eda691,OEM-LSP317QA-D-2510083 (Gold),เชียงราย,เหนือ,เมือง,ACTIVE,2025-11-03,365,2026-11-03,false,03/11/2026
54c32f07-f0f9-4ac9-b247-879b9932fdc8,73b05e7a-9ce7-4487-be8c-0c8144eda691,OEM-LSP317QA-D-2510055 (Gold),เชียงใหม่,เหนือ,เมือง,ACTIVE,2025-11-03,365,2026-11-03,false,03/11/2026
27502d7e-d101-4c39-bc44-1e2830d75edd,73b05e7a-9ce7-4487-be8c-0c8144eda691,OEM-LSP317QA-D-2510085 (Gold),นครราชสีมา,อีสาน,เมือง,ACTIVE,2025-11-03,365,2026-11-03,false,03/11/2026
7f292091-b6d7-47b4-bb57-535783299e2a,73b05e7a-9ce7-4487-be8c-0c8144eda691,OEM-LSP317QA-D-2510091 (Gold),อุบลราชธานี,อีสาน,เมือง,ACTIVE,2025-11-03,365,2026-11-03,false,03/11/2026
4dc99c0c-31cf-47d9-893b-bed97f924c51,73b05e7a-9ce7-4487-be8c-0c8144eda691,OEM-LSP317QA-D-2510073 (Gold),ขอนแก่น,อีสาน,เมือง,ACTIVE,2025-11-04,365,2026-11-04,false,04/11/2026
0f0a9cee-7c79-4003-92c2-eb3fc767baf5,73b05e7a-9ce7-4487-be8c-0c8144eda691,OEM-LSP317QA-D-2510076 (Gold),อุดรธานี,อีสาน,เมือง,ACTIVE,2025-11-04,365,2026-11-04,false,04/11/2026
130d19f5-3319-4380-9bfe-f324e5a0d36f,73b05e7a-9ce7-4487-be8c-0c8144eda691,OEM-LSP317QA-D-2510053 (Gold),ภูเก็ต,ใต้,เมือง,ACTIVE,2025-11-04,365,2026-11-04,false,04/11/2026
cc952ab8-f1ea-43da-8b62-62526cb0b6a4,73b05e7a-9ce7-4487-be8c-0c8144eda691,OEM-LSP317QA-D-2510061 (Gold),สุราษฎร์ธานี,ใต้,เมือง,ACTIVE,2025-11-05,365,2026-11-05,false,05/11/2026
073404dd-eead-4b55-8602-10a0a325e35d,73b05e7a-9ce7-4487-be8c-0c8144eda691,OEM-LSP317QA-D-2510067 (Gold),นครศรีธรรมราช,ใต้,เมือง,ACTIVE,2025-11-06,365,2026-11-06,false,06/11/2026
deb56859-88cf-4a4c-b791-62d98af0038b,73b05e7a-9ce7-4487-be8c-0c8144eda691,OEM-LSP317QA-D-2510080 (Gold),นครศรีธรรมราช,ใต้,หาดใหญ่,ACTIVE,2025-11-07,365,2026-11-07,false,07/11/2026
5184d024-5bbe-4425-9121-f3079b1a00b8,73b05e7a-9ce7-4487-be8c-0c8144eda691,OEM-LSP317QA-D-2504019,น่าน,เหนือ,เมือง,ACTIVE,2025-12-10,365,2026-12-10,false,10/12/2026
a6780a7a-ce49-453b-a360-88462965721d,73b05e7a-9ce7-4487-be8c-0c8144eda691,OEM-LSP317QA-D-2512129 (Silver),นนทบุรี,กลาง,บางใหญ่,ACTIVE,2026-01-13,365,2027-01-13,false,13/01/2027
48680fcf-ec05-48db-85f4-a5b12e7f8e8f,73b05e7a-9ce7-4487-be8c-0c8144eda691,OEM-LSP317QA-D-2512133 (Silver),กรุงเทพ,กลาง,พระราม4,ACTIVE,2026-01-21,365,2027-01-21,false,21/01/2027
3042f4a0-9296-48c0-a31e-de4033aecc9b,73b05e7a-9ce7-4487-be8c-0c8144eda691,OEM-LSP317QA-D-2512134 (Silver),กรุงเทพ,กลาง,ปทุมวัน,ACTIVE,2026-01-21,365,2027-01-21,false,21/01/2027
8b8f70c2-a133-4108-a8ed-790b166d4e91,73b05e7a-9ce7-4487-be8c-0c8144eda691,OEM-LSP317QA-D-2512137 (Silver),กรุงเทพ,กลาง,ห้วยขวาง,ACTIVE,2026-01-21,365,2027-01-21,false,21/01/2027
e40a0d24-65ca-46df-b290-cb54d637145d,73b05e7a-9ce7-4487-be8c-0c8144eda691,OEM-LSP317QA-D-2512138 (Silver),นนทบุรี,กลาง,ปากเกร็ด,ACTIVE,2026-01-21,365,2027-01-21,false,21/01/2027
ab7702d2-f6b3-4acb-9dec-c1ef7dea84be,73b05e7a-9ce7-4487-be8c-0c8144eda691,OEM-LSP317QA-D-2512136 (Silver),กรุงเทพ,กลาง,สุขุมวิท,ACTIVE,2026-01-21,365,2027-01-21,false,21/01/2027
0da550df-9ee6-4504-8130-fd75e83ac14c,73b05e7a-9ce7-4487-be8c-0c8144eda691,OEM-LSP317QA-D-2512135 (Silver),กรุงเทพ,กลาง,บางแค,ACTIVE,2026-01-21,365,2027-01-21,false,21/01/2027
b00a78d4-6aa5-40ae-8a5b-f6a1e77f057c,73b05e7a-9ce7-4487-be8c-0c8144eda691,OEM-LSP317QA-D-2512130 (Silver),กรุงเทพ,กลาง,บางนา,ACTIVE,2026-01-22,365,2027-01-22,false,22/01/2027
bcb2c004-542f-4adc-aabd-8ee26d8a0d3f,73b05e7a-9ce7-4487-be8c-0c8144eda691,OEM-LSP317QA-D-2512131 (Silver),กรุงเทพ,กลาง,ศรีนครินทร์,ACTIVE,2026-01-22,365,2027-01-22,false,22/01/2027
601a7736-d4bd-431f-9745-f814d965d9ed,73b05e7a-9ce7-4487-be8c-0c8144eda691,OEM-LSP317QA-D-2512132 (Silver),กรุงเทพ,กลาง,อีสวิลล์,ACTIVE,2026-01-22,365,2027-01-22,false,22/01/2027
18b682df-f41a-4109-a1c0-47fbe9b478bc,5a2379a7-ef28-473f-86b6-6476245f8917,HPH0124017B,กรุงเทพ,กลาง,ปทุมวัน,ACTIVE,,,,false,01/06/1900
e8605a76-7a73-40bc-b016-c548917a6267,5a2379a7-ef28-473f-86b6-6476245f8917,HPH01240089,กรุงเทพ,กลาง,ลาดพร้าว,ACTIVE,1901-12-30,,2025-04-01,false,01/04/2025
d389a9b7-b8df-4af6-828c-64dfc80e5391,b265caf2-96cd-4128-b676-656d1dbdb7c4,SHE-ACP004-2501013,กรุงเทพ,กลาง,ทองหล่อ,ACTIVE,2025-06-05,365,2026-06-05,false,05/06/2026
712ce12b-e94a-46be-8e6f-09fcd1217526,b265caf2-96cd-4128-b676-656d1dbdb7c4,SHE-ACP004-2501009,กรุงเทพ,กลาง,ปทุมวัน,ACTIVE,2025-12-22,365,2026-12-22,false,22/12/2026
34aa7417-7d99-47ec-bafc-0e52973e8a01,b265caf2-96cd-4128-b676-656d1dbdb7c4,SHE-ACP004-2512089,กรุงเทพ,กลาง,บางนา,ACTIVE,2026-01-08,365,2027-01-08,false,08/01/2027
eaa37782-3906-4e61-987b-a39a9187821c,b265caf2-96cd-4128-b676-656d1dbdb7c4,SHE-ACP004-2501010,กรุงเทพ,กลาง,พระราม2,ACTIVE,2026-02-12,365,2027-02-12,false,12/02/2027
7892e7a3-bc9e-4c5b-8d61-17186c54020f,b265caf2-96cd-4128-b676-656d1dbdb7c4,SHE-ACP004-2512093,กรุงเทพ,กลาง,ลาดพร้าว,ACTIVE,2026-03-10,750,2028-03-29,false,29/03/2028
